genotype,day,fly,alpha,beta,p0,log_alpha,log_beta,logit_p0
GD,7,0,0.290307428875,0.6887179225,0.295135832375,-1.2368148179413982,-0.37292349310231443,0.7941322831702831
GD,7,1,0.13725590575000002,0.159217734125,0.574768265,-1.985908170374326,-1.8374826165183076,-1.6640600649104884
GD,7,2,0.1291063175,0.228355517375,0.7574195062499999,-2.0471190473926555,-1.4768515777205362,-1.2176202279592434
GD,7,3,0.11408046124999999,0.08797784525,0.5552850225,-2.1708512791090375,-2.4306702547231547,-2.3385792580093265
GD,7,4,0.26087224925,0.77594841875,0.50164250375,-1.3437244579623573,-0.2536692316911818,1.2422097485072738
GD,7,5,0.22317049925,0.5379373175,0.54419646625,-1.4998192290294423,-0.6200132358312443,0.1520414848654387
GD,7,6,0.488935981875,0.4583992686125,0.32572676875,-0.7155237144886094,-0.7800147091053495,-0.16678850214041757
GD,7,7,0.395006510625,0.848429928125,0.346868519,-0.928853031621915,-0.16436778095316001,1.7223394593821852
GD,7,8,0.10521824062499999,0.107704748875,0.41413113500000004,-2.2517186037373484,-2.2283616022449966,-2.114403400093837
GD,7,9,0.11500829562499999,0.36875193749999996,0.41847616875,-2.1627510173509887,-0.9976311171046229,-0.5375747494004146
GD,7,10,0.4113804154375,1.030423739875,0.1475891795,-0.8882369075694863,0.029970115577508692,
GD,7,11,0.041566210624999995,0.129152421375,0.7235381425,-3.1804676863556365,-2.0467620110678397,-1.90847369778653
GD,7,12,0.21342013162499998,0.530197095,0.56835918875,-1.5444926070522722,-0.634506464206726,0.1209355590873835
GD,7,13,0.20190222575,0.7238572925,0.54409560625,-1.5999717297023164,-0.3231610158317416,0.963676474901301
GD,7,14,0.27370654712500003,0.208872481875,0.49518417625,-1.2956987424141482,-1.5660313477945456,-1.3317352348701057
GD,7,15,0.12060811187500001,0.395454623125,0.264081115,-2.1152087343059742,-0.9277192312897511,-0.42444068468169144
GD,7,16,0.32560072425000003,0.42438045974999994,0.42279658,-1.1220834205011887,-0.8571249153616552,-0.3048165584363985
GD,7,17,0.11291740837500001,0.12060975312499998,0.6189268099999999,-2.181098626843223,-2.11519512627574,-1.9866686133204072
GD,7,18,0.160089913875,0.196355566125,0.7229301162499999,-1.8320196598709158,-1.6278281503843608,-1.4092297963372695
GD,7,19,0.16111658062499998,1.1920040985000002,0.24566413980000001,-1.8256270727730843,0.1756360069761733,
GD,7,20,0.406680156,0.91208168925,0.277564670625,-0.8997282599812698,-0.09202572137304443,2.339321461187844
GD,7,21,0.16208793524999998,0.308008502375,0.5212686725,-1.8196162808327265,-1.1776278912759404,-0.8094462811669161
GD,7,22,0.31105052699999997,0.38386844600000003,0.6015118125,-1.1677999137611708,-0.9574553736329375,-0.47316059707158076
GD,7,23,0.203333473875,0.29370377475000004,0.4869725975,-1.592907919294604,-1.2251835884597453,-0.8774630414778072
GD,7,24,0.18412692925000002,0.45139545625,0.58235267,-1.6921299263180511,-0.7954114805554333,-0.19503406248872668
GD,7,25,0.17131014787499999,0.407781685,0.67866878375,-1.7642796350389285,-0.8970233335717759,-0.37314339683057
GD,7,26,0.10909004462500001,0.12541549700000001,0.6115510749999999,-2.215581640306646,-2.076123077876498,-1.942116718758961
GD,7,27,0.25763512125,0.54883431875,0.49646740375,-1.3562109537892153,-0.5999586703601891,0.19596197239028507
GD,7,28,0.2723487285,0.512958972125,0.35423652650000004,-1.3006719437882828,-0.66755941337417,0.051847499923987406
GD,7,29,0.28146021425,0.19884594737500003,0.7825774325,-1.267764176204597,-1.6152248878479114,-1.3935228628165115
GD,7,30,0.24954629512499998,0.573811091875,0.321430024,-1.388110829399927,-0.555455045062277,0.29741753964092693
GD,7,31,0.176887835375,0.5668595803750001,0.43002717125000006,-1.732239445726362,-0.5676436595852284,0.269049649220636
GD,7,32,0.22242189862499998,0.6677144000000002,0.5159621025,-1.503179256412606,-0.40389474177905516,0.6978656971179361
GD,7,33,0.36704098737499996,0.6995945469999999,0.32514748675,-1.0022817549428533,-0.3572543303220408,0.845367876471488
GD,7,34,0.25969332294999997,0.8571154017675,0.25221833575,-1.3482538712716055,-0.15418271161152042,1.7915352682819692
GD,7,35,0.34245575862500005,0.35925500245,0.31352552375000003,-1.0716128015210753,-1.0237228294157055,-0.5785991084681856
GD,7,36,0.229244011125,0.39035870349999996,0.3884340175,-1.4729682919599678,-0.9406892100075576,-0.44580467670572504
GD,7,37,0.21646444375,0.7293823025,0.6689134987500001,-1.5303289771287774,-0.3155572639948639,0.9914909004283075
GD,7,38,0.27167316625000004,0.81048886375,0.38620298475,-1.3031555298489528,-0.2101176778761245,1.4531898118194488
GD,7,39,0.27973859725,0.528474206875,0.393226795,-1.2738996931212812,-0.6377612792620613,0.11402019474194638
GD,7,40,0.16744060000000002,0.20257488525,0.63989864375,-1.7871266174776643,-1.5966456570923764,-1.370278308360358
GD,7,41,0.17350689725,0.398246425625,0.264525354625,-1.7515379267830713,-0.9206843054362741,-0.4127770430664404
GD,7,42,0.321044981625,0.265931829475,0.42976788,-1.1361740359964694,-1.3245152832149854,-1.0153619039093729
GD,7,43,0.52367481325,0.4275791754125,0.27954425,-0.6468843727046831,-0.8496158021104951,-0.29173495132899363
GD,7,44,0.319285067,0.7121862697499999,0.268047451,-1.141670948284901,-0.33941578696793473,0.9060259910894553
GD,7,45,0.20590180724999999,0.172032267875,0.62061651875,-1.5803558876678268,-1.760073215839681,-1.5712921196198932
GD,7,46,0.12688475840000002,1.33378681675,0.2657491516375,-2.0644760186462396,0.28802212718911435,
GD,7,47,0.09066462818750001,1.2538407187499998,0.29701921,-2.4005879848331038,0.22621141560252095,
GD,7,48,0.22936143899999997,0.296038766375,0.595714485,-1.4724561834469343,-1.2172648657504608,-0.8662328755366058
GD,7,49,0.317943796125,0.449769773875,0.5732684637500001,-1.145880653567906,-0.7990194407477814,-0.20160094536111672
GD,7,50,0.180251382125,0.21122338012500003,0.70214747,-1.7134028350240074,-1.554839031927541,-1.3175669156766519
GD,7,51,0.37223501775,0.82771322125,0.384096116375,-0.9882298560453109,-0.1890885357376319,1.5695063365491875
GD,7,52,0.11132559425,0.52180515,0.6728672374999999,-2.1952960898142186,-0.6504610366463435,0.08727595692204994
GD,7,53,0.10869282999999999,0.40254044875,0.6652378962500001,-2.219229448392065,-0.9099596933838616,-0.3948909992631489
GD,7,54,0.38783746575,0.8871472757500001,0.197828756125,-0.9471689298292985,-0.1197442724057434,2.0619273631522983
GD,7,55,0.321058089375,0.77071640575,0.229070211125,-1.136133208439045,-0.2604347996075714,1.212360839170192
GD,7,56,0.048401872250000005,0.078726405375,0.48388911375000004,-3.0282167831564735,-2.541776660455436,-2.459778436182119
GD,7,57,0.167896326875,0.426691175,0.6835072937499999,-1.7844085919991708,-0.8516947709800283,-0.295364025130574
GD,7,58,0.181476221875,0.5489977975,0.61696695875,-1.7066306428128222,-0.5996608493203625,0.1966222065790032
GD,7,59,0.189092334125,0.41442239825,0.516383355,-1.6655198428755604,-0.8808695396664222,-0.3457129742221669
GD,7,60,0.21211253562500001,0.5654228862499999,0.51736703,-1.55063831672988,-0.5701813565616676,0.2632005164771593
GD,7,61,0.2334168415,0.36438765375000004,0.47420903499999995,-1.4549294044921015,-1.0095369952076305,-0.5563705752588715
GD,7,62,0.280086909625,0.52481014625,0.5757410162500001,-1.2726553324565117,-0.6447187079835083,0.09932215471433607
GD,7,63,0.22943993145125,0.24834093911250002,0.134262608,-1.4721140203363987,-1.3929527224410356,-1.1074802881231596
GD,7,64,0.465950853625,0.662030877375,0.25835609537500004,-0.7636751147422784,-0.4124430815724363,0.6723576592801113
GD,7,65,0.298618308125,0.399802718875,0.58152862375,-1.2085890825449708,-0.9167840563511673,-0.4062871804166863
GD,7,66,0.389542399625,0.796875757875,0.445036255,-0.9427825630489232,-0.22705649957697482,1.3668809574050438
GD,7,67,0.089879363125,0.82667022125,0.46562422750000004,-2.4092869175267846,-0.19034942860126988,1.562209834895318
GD,7,68,0.19013443037499997,0.31546121987500003,0.490543495,-1.6600239287123182,-1.153719520958245,-0.7747095397747411
GD,7,69,0.20154455925,0.228518183125,0.5423795775000001,-1.6017447843256187,-1.4761394957744953,-1.2166973197825108
GD,7,70,0.198619669,0.40043597,0.49831335875,-1.6163634940071552,-0.9152014004111731,-0.4036488958646784
GD,7,71,0.15200847841249998,0.7011924314999999,0.3429329945,-1.8838189806618477,-0.3549729196327847,0.8529825767595389
GD,7,72,0.10860792674999999,0.12756144475,0.46139176500000006,-2.220010883814475,-2.0591571108617726,-1.922694059694112
GD,7,73,0.33183802125,0.38498379875,0.6765237387499999,-1.1031083169228322,-0.9545540267486212,-0.4684473587219533
GD,7,74,0.193440059125,0.49901440750000003,0.48665598625,-1.6427875864653703,-0.695120310901937,-0.0039423751061303785
GD,7,75,0.09574776562499998,0.10978070425,0.35087976125000003,-2.3460379867027976,-2.2092705007780373,-2.092983053889762
GD,7,76,0.32931827337499997,0.593401487125,0.292215545875,-1.1107305995663852,-0.5218840650196918,0.3780449702392259
GD,7,77,0.19261599975000002,0.280786467625,0.45404052749999996,-1.6470567106385285,-1.2701608002104243,-0.9405638200804834
GD,7,78,0.269913998625,0.23180920875,0.5788532875,-1.3096518943342936,-1.4618406217301259,-1.1981234711497761
GD,7,79,0.13375850375,0.13872915824999998,0.66069552875,-2.0117193157878557,-1.9752317484491777,-1.8258854909215563
GD,7,80,0.152180616875,0.25079419937499997,0.473340825,-1.8826871946541195,-1.383122598979675,-1.0943810329627524
GD,7,81,0.09468134150000002,1.0478441025,0.307797734,-2.3572383256576845,0.04673481767691871,
GD,7,82,0.144351079375,0.1259823345,0.5461323400000001,-1.9355068954158703,-2.0716135842408843,-1.9369588929525807
GD,7,83,0.21867891387500002,0.4257483445,0.4387807637500001,-1.520150771699884,-0.8539068478790779,-0.29921929335272
GD,7,84,0.119731077,0.7833465662500001,0.49122373125,-2.1225070760545535,-0.24418006756962216,1.285276214056096
GD,7,85,0.2370189298625,0.215723253575,0.4501023875,-1.4396152681991183,-1.5337589262283695,-1.2907655981983386
GD,7,86,0.192868950625,0.278540006625,0.45125032375,-1.6457443330162145,-1.2781935795724568,-0.9517152280291803
GD,7,87,0.269805258125,0.492142011625,0.339887985,-1.3100548464250756,-0.708987962624549,-0.03143454169647187
GD,7,88,0.08929785600000001,0.17751107812500003,0.45205151,-2.41577780034647,-1.7287222600423815,-1.533301994764081
GD,7,89,0.266423607875,0.416656623875,0.5181888975000001,-1.3226677260928597,-0.8754928403443746,-0.33651355567777597
GD,7,90,0.348253176125,0.7444889967750001,0.19118051187500001,-1.0548255461197336,-0.2950572063158449,1.069432598489941
GD,7,91,0.20387569362500002,0.5882455799999999,0.4328115975,-1.5902448158395117,-0.5306107652150488,0.35671741009785923
GD,7,92,0.19250182475,0.53417725875,0.49812405624999995,-1.6476496460784464,-0.6270275498788502,0.13692255092551867
GD,7,93,0.10264746712499999,0.38570178749999995,0.6841754349999999,-2.2764548106876736,-0.9526907793477891,-0.46541599871524963
GD,7,94,0.292530651125,1.016617934375,0.31795965775,-1.229185827629392,0.016481367400728933,
GD,7,95,0.37319391324999995,0.314610443125,0.42354126125,-0.9856571197614586,-1.1564200939788292,-0.778652187780417
GD,7,96,0.19958599187499998,0.503733558625,0.44925515250000003,-1.6115100985545483,-0.6857078042191348,0.014934512076172406
GD,7,97,0.279592339375,0.638792651375,0.47022806250000004,-1.2744226675135648,-0.44817536650362927,0.5701277461121805
GD,7,98,0.07746930525,0.26692115,0.45070485625,-2.557873482366147,-1.3208019825489992,-1.0102999712915666
GD,7,99,0.09901015462499999,0.11898847224999999,0.637191425,-2.3125328621379952,-2.128728662411728,-2.0020440941269295
GD,7,100,0.41097957962500004,0.5289424926249999,0.5745788924999999,-0.8892117503309291,-0.6368755626267267,0.11589953345456395
GD,7,101,0.41036822375,0.6913068402500001,0.40869580875000006,-0.8907004156329883,-0.3691715013163813,0.80623600464739
GD,7,102,0.23218992700000002,0.3487272175,0.48230586000000003,-1.4601995913656036,-1.053465274145283,-0.6246385703443692
GD,7,103,0.26954584049999997,0.45194712875,0.6679591562499999,-1.3110168084778688,-0.7941900777836749,-0.1928065614788323
GD,7,104,0.28997771325000005,0.30489954625,0.76797820125,-1.237951209816865,-1.1877729131818855,-0.8240740070897478
GD,7,105,0.208898133625,0.22084986674999998,0.5596693625,-1.5659085447582355,-1.510272144290474,-1.260720618219647
GD,7,106,0.157772274875,0.15736901817500001,0.3751869575,-1.846602583884103,-1.8491617973479673,-1.6779356365499862
GD,7,107,0.287721326,0.3364053025625,0.24698733462499997,-1.2457628853463054,-1.0894385883366462,-0.6793548770383612
GD,7,108,0.6256145121250001,0.44099617455625,0.25772878375,-0.4690208928893304,-0.818719078048538,-0.2371201155679413
GD,7,109,0.17696900137500002,0.177137757,0.6044342312500001,-1.731780695220542,-1.7308275609818726,-1.5358610847054288
GD,7,110,0.11936449525000001,0.23392355899999998,0.69105305375,-2.125573481959045,-1.4527608879331813,-1.186287566140901
GD,7,111,0.6153661085000001,0.4669791379025,0.20814512799999998,-0.4855378899214231,-0.7614706948967425,-0.13227598021033754
GD,7,112,0.152863921375,0.148602721125,0.6962707412500001,-1.8782071561208036,-1.906478835123202,-1.745602413470578
GD,7,113,0.214579133,0.42185553225,0.41850930625000005,-1.5390766902328132,-0.8630923641978697,-0.31516086686141376
GD,14,0,0.09270017087499999,0.123691468375,0.6250770937500001,-2.378384963100268,-2.0899649722532816,-1.9579279272492662
GD,14,1,0.322646785875,0.1504523794875,0.58422442625,-1.131197096295652,-1.894108660228559,-1.7310573778943896
GD,14,2,0.16250115625,0.128877618125,0.7658704625,-1.8170701618530438,-2.0488920216234305,-1.9109192169427407
GD,14,3,0.165308316125,0.12012879812499999,0.6907120962500001,-1.799942966134482,-2.119190794085383,-1.991211050357926
GD,14,4,0.153437287625,0.234337829,0.61096164875,-1.8744633451083081,-1.4509914911018462,-1.183977254551845
GD,14,5,0.28863456862500003,0.33772519075000007,0.76735764375,-1.242593859410061,-1.0855227593179053,-0.6734480698474168
GD,14,6,0.183794137625,0.17195396975000002,0.5397569775,-1.693938964971831,-1.7605284557172576,-1.5718419216645694
GD,14,7,0.173239358875,0.21053114225000003,0.6204553837500001,-1.7530810634333696,-1.5581216926218393,-1.3217268010222547
GD,14,8,0.07810704075000001,0.06817254950000001,0.82190331375,-2.5496750757516606,-2.685713295157588,-2.6151056747722135
GD,14,9,0.09146300187499999,0.31792431875,0.59649993625,-2.3918207395655045,-1.1459419158785975,-0.7633272581580347
GD,14,10,0.393918696875,1.061987495375,0.296677640875,-0.9316107440870726,0.0601421481506142,
GD,14,11,0.074648521,0.07128542624999999,0.7882067587499999,-2.594964567651345,-2.6410633728752573,-2.567109545186821
GD,14,12,0.20278643500000001,0.2463988255,0.5348931275,-1.5956018980624063,-1.400803813973743,-1.1179118167716533
GD,14,13,0.07122197899999999,0.07529376375,0.52541008125,-2.6419538143801167,-2.5863579663310485,-2.508078791988924
GD,14,14,0.155566038125,0.164282368625,0.49952473249999996,-1.8606849550390436,-1.806168571778826,-1.6267040873139653
GD,14,15,0.20946158199999998,0.1366696311125,0.35281875125,-1.5632149359109568,-1.9901887171200678,-1.843230870436467
GD,14,16,0.21154529700000002,0.16052918925,0.79103100625,-1.5533161332142043,-1.829279488461426,-1.6542959155889465
GD,14,17,0.05300926095625,0.0625988942875,0.25993208,-2.9372886456708165,-2.771007664171057,-2.706363650229316
GD,14,18,0.110255390875,0.16338014525,0.5200185437499999,-2.204955869025196,-1.8116756140371038,-1.633290126449391
GD,14,19,0.08202857473750001,1.34118151125,0.2814125365,-2.5006876200117554,0.2935509502852742,
GD,14,20,0.01932418100375,0.0215733386875,0.49546317625,-3.9463980655490176,-3.836297046715554,-3.814487601645676
GD,14,21,0.0484607156375,0.074333325625,0.35548691125,-3.027001796110969,-2.599195899889685,-2.5219548278735693
GD,14,22,0.364018499375,0.33345841137500004,0.7935117600000001,-1.0105505901780225,-1.0982371249258278,-0.6925843821528803
GD,14,23,0.56149044392625,0.15473958888999997,0.28779186,-0.5771605237797166,-1.8660116466434713,-1.6979011263695696
GD,14,24,0.102097893125,0.06955438850000001,0.66183494875,-2.2818231894308942,-2.665646264113016,-2.5935546086719827
GD,14,25,0.09047709799999999,0.09159705275,0.7179317162500002,-2.402658521075018,-2.3903561830380267,-2.2942889587228046
GD,14,26,0.20232041537500003,0.135155997875,0.7707071775,-1.597902623563025,-2.0013256278511498,-1.85611949517273
GD,14,27,0.09676336662499999,0.09518157724999998,0.58558728625,-2.3354868002842037,-2.3519688721930216,-2.251947878935042
GD,14,28,0.186548575875,0.22450739600000003,0.7915359087499999,-1.6790636133564385,-1.4938466280217675,-1.2395897945378895
GD,14,29,0.07908391612499999,0.060642155375,0.861880555,-2.53724576085122,-2.802764994496705,-2.740206213313461
GD,14,30,0.16219719412499997,0.16139631675,0.7347495487500001,-1.8189424363098845,-1.8238923440386536,-1.647875291925198
GD,14,31,0.19555727,0.23459222687500003,0.67706121,-1.6319020012791348,-1.4499064768368384,-1.1825599264323101
GD,14,32,0.24226577075000003,0.27034165712499997,0.7702171762500001,-1.4177199291950573,-1.308068723164226,-0.9928898453084578
GD,14,33,0.351259521625,0.399463474375,0.54159170375,-1.0462299508724107,-0.9176329463035687,-0.40770113234555466
GD,14,34,0.11685381474999999,0.127828442375,0.29444692375,-2.1468315719747446,-2.0570662080051325,-1.9202970739767637
GD,14,35,0.11565453962500001,0.161153804875,0.6225063075,-2.1571476379406156,-1.8253960602330532,-1.649668151634186
GD,14,36,0.16292237562499998,0.146586163875,0.7250794475000001,-1.8144814147651465,-1.920141874099631,-1.7616311786823136
GD,14,37,0.18644492450000003,0.302263069,0.693532495,-1.6796193945031013,-1.196457551381486,-0.8365444144361401
GD,14,38,0.19220992395,0.18385288121249999,0.42789425625,-1.6491671503241712,-1.693619399818355,-1.490458752181302
GD,14,39,0.4407286615,0.5995147646250001,0.146656958125,-0.8193258729430876,-0.511634676585978,0.403443702047943
GD,14,40,0.164543907125,0.276923511625,0.6490263837500001,-1.8045778317775631,-1.28401394224376,-0.9597736728744902
GD,14,41,0.20305889637500002,0.28694380275,0.49613976125000003,-1.5942592120937895,-1.2484688916290962,-0.9102738479777185
GD,14,42,0.238544561,0.17850982637500004,0.710346605,-1.4331991475314703,-1.7231116295577353,-1.526476326478034
GD,14,43,0.20957099499999998,0.259666166,0.42919726125,-1.5626927187445978,-1.3483584498943226,-1.0477043824102246
GD,14,44,0.173486672875,0.320648719375,0.287416126375,-1.7516544959460998,-1.1374090872358766,-0.7507921519962631
GD,14,45,0.07029919525,0.05755643062500001,0.8171563825,-2.6549949275994607,-2.854989410265185,-2.7957101754705587
GD,14,46,0.065178473025,0.487505062125,0.29962741424999995,-2.7306260328953136,-0.7184546047519931,-0.049990159416565094
GD,14,47,0.12877204825,0.67044888375,0.294172003375,-2.0497115055559605,-0.39980781518441383,0.7102159891100716
GD,14,48,0.20119956387500001,0.1335215374,0.539522195,-1.6034580083781864,-2.013492485314979,-1.8701744595535148
GD,14,49,0.0841471535625,0.06959639314999999,0.5218009975,-2.4751881846750017,-2.6650425355420695,-2.592905734422823
GD,14,50,0.028808819687499997,0.038028342875,0.70387457125,-3.5470736995725685,-3.269423532143335,-3.2306532409448527
GD,14,51,0.10106529874999999,0.078042878875,0.6295217762499999,-2.291988448769141,-2.5504968741716034,-2.469240311292588
GD,14,52,0.22497523325,0.20858230912499998,0.7940884425,-1.4917649572807976,-1.5674215476580498,-1.333492151275547
GD,14,53,0.10858540525,0.147452881625,0.6488852312500001,-2.2202182704766096,-1.914246600846369,-1.7547198003156426
GD,14,54,0.190243686125,0.230807858625,0.76165787625,-1.6594494700446645,-1.4661696954261305,-1.2037552134852634
GD,14,55,0.295141518,0.2116595015,0.41479952875000003,-1.220300315638247,-1.5527764205116215,-1.314951242752446
GD,14,56,0.0720695645,0.068189645125,0.8176766387500001,-2.6301234528002735,-2.6854625566719457,-2.6148365897763735
GD,14,57,0.08526247525000001,0.181852700125,0.51767881875,-2.4620208362813587,-1.7045582595702864,-1.5038453741764861
GD,14,58,0.21911383999999998,0.334254092875,0.63327415875,-1.518163866872276,-1.0958538181236694,-0.6890066160509988
GD,14,59,0.28996993895,0.1527550758625,0.6909663424999999,-1.2379780201676647,-1.878919451613465,-1.7131539921150012
GD,14,60,0.05181493695,0.0521446631625,0.63626675,-2.9600768131758,-2.95373343906162,-2.9001800524175247
GD,14,61,0.223820059875,0.20687596737500002,0.7718961725,-1.496912854078218,-1.5756358567288122,-1.3438601965140318
GD,14,62,0.2466698085,0.36620031462499997,0.5147657625000001,-1.3997046443709862,-1.0045747875804356,-0.5485524594444563
GD,14,63,0.0758258363625,0.352328584375,0.47097660875,-2.5793161953001738,-1.0431910604659267,-0.608819274577458
GD,14,64,0.244789060875,0.44415237175,0.47824601125,-1.407358415310551,-0.8115875958054511,-0.22432652360528585
GD,14,65,0.08642729912500002,0.08324906500000001,0.713219075,-2.44845169098273,-2.485918381415886,-2.398998929291945
GD,14,66,0.31636157675,0.288268260125,0.49504586000000006,-1.150869489306168,-1.243863773617353,-0.9038095652131198
GD,14,67,0.13803601775000002,0.249629248625,0.39402331375000005,-1.9802406296906283,-1.387778467360952,-1.1005906079324606
GD,14,68,0.148174669625,0.20768330025,0.57036943625,-1.909363500937851,-1.5717409545583896,-1.3389468608843256
GD,14,69,0.15678675275,0.130070444,0.3961893000000001,-1.8528686596476442,-2.039679098365762,-1.9003360576390549
GD,14,70,0.1302757681125,0.280824671,0.26199370487499996,-2.0381017821190364,-1.2700247510033074,-0.9403746511975475
GD,14,71,0.170588268375,0.2916181475,0.37094203125,-1.768502413141393,-1.2323100465591375,-0.8875380555686101
GD,14,72,0.06062108912499999,0.098036543,0.7084558025000001,-2.803112441083653,-2.322414982061824,-2.219233709017855
GD,14,73,0.414512455225,0.19984619475,0.62159001375,-0.8806522560645159,-1.6102072345364755,-1.3872559213058413
GD,14,74,0.19703254787500002,0.184021296375,0.75508844625,-1.6243863462514856,-1.6927037869021655,-1.4893367640447892
GD,14,75,0.21312102349999995,0.15598711912500002,0.6614274549999999,-1.545895089182936,-1.8579818448532046,-1.6883943220508033
GD,14,76,0.19088513,0.21708940737500002,0.43738195750000003,-1.6560834454697821,-1.527445994743783,-1.2827092195686574
GD,14,77,0.20552487499999997,0.17424159074999998,0.70113082625,-1.582188206142641,-1.7473124901904016,-1.5558594591996375
GD,14,78,0.11287390126249999,0.0844590017125,0.7905984225,-2.1814840014008916,-2.4714890491945463,-2.3832489157246006
GD,14,79,0.065641884375,0.058673464749999994,0.8830801312500001,-2.723541305448357,-2.8357677029047945,-2.775302512081688
GD,14,80,0.2415901820625,0.14756446643749999,0.6428452950000001,-1.4205124509057154,-1.9134901380922031,-1.7538324449538216
GD,14,81,0.09787173425,0.5420006806250001,0.28803879712499997,-2.324097491766798,-0.6124880217775965,0.16839955917224592
GD,14,82,0.22531185050000002,0.2099421935,0.6264828649999999,-1.4902698341699918,-1.5609230552057658,-1.3252738917925084
GD,14,83,0.3108783445,0.29133467625000004,0.6320395550000001,-1.1683536185730532,-1.2332825824515594,-0.8889106787108176
GD,14,84,0.265992860125,0.5458848855,0.3448214875000001,-1.3242858121960195,-0.6053471578830929,0.18405739903022764
GD,14,85,0.265763810875,0.199710830875,0.8049079262500001,-1.3251472936842912,-1.6108848043024786,-1.3881026490830828
GD,14,86,0.08937609075000001,0.09966609350000001,0.6816268074999999,-2.4149020738466316,-2.3059297451122167,-2.200940167870451
GD,14,87,0.113174621125,0.117864636125,0.80354022125,-2.178823333357346,-2.1382184644814193,-2.012808703511357
GD,14,88,0.034147497737500004,0.029458683525,0.62060163375,-3.37706596834391,-3.524766555809684,-3.4948652508900433
GD,14,89,0.11044715825000001,0.20933971087499997,0.6382114375000001,-2.2032180782835806,-1.5637969356827504,-1.3289100620868137
GD,14,90,0.319147759375,0.09610727062512499,0.24671991875,-1.1421010879063132,-2.3422903089985803,-2.2412457211717696
GD,14,91,0.17714809162500003,0.1505354555,0.6968468875,-1.7307692203789777,-1.8935566378213207,-1.7304075621761004
GD,14,92,0.200358506,0.18005235649999998,0.6394347425,-1.6076469870986807,-1.7145076009417979,-1.5159928107892569
GD,14,93,0.113992818375,0.19803755787500002,0.6156619649999999,-2.171619829282544,-1.6192985800383877,-1.398605077558114
GD,14,94,0.19267348924750002,0.13526837719999998,0.21871144999999997,-1.6467582882856309,-2.0004944947002423,-1.8551584118496085
GD,14,95,0.21108572561499997,0.1681990090625,0.54011377125,-1.5554909454809274,-1.782607422884544,-1.598445362527532
GD,14,96,0.39501313824999995,0.33596238763249997,0.18483694962500002,-0.9288362532417581,-1.0907560668547986,-0.6813395808765976
GD,14,97,0.24577193649999998,0.23715295537499997,0.54117540625,-1.403351260459463,-1.4390499646868613,-1.1683522311330778
GD,14,98,0.49346434990000004,0.0627300696655375,0.26278251999999996,-0.706304662029029,-2.768914366312369,-2.704130407414175
GD,14,99,0.053251702375,0.12161557825000001,0.37579453375,-2.9327255054200476,-2.106890207046981,-1.977219263860934
GD,14,100,0.2446283985,0.236892424625,0.611927545,-1.408014960669502,-1.4401491454287179,-1.1697928777994342
GD,14,101,0.3120285035,0.43861058075000003,0.47853397375,-1.1646607379736904,-0.8241433193723176,-0.24680285706162236
GD,14,102,0.092526555,0.1325452245,0.6549585075000001,-2.380259594582565,-2.020831374810118,-1.8786394743016033
GD,14,103,0.09826637224999998,0.07868096225,0.763528065,-2.3200734034386037,-2.542354055617406,-2.4604051565440384
GD,14,104,0.17228212825,0.1582927855,0.69850548875,-1.7586218654362638,-1.8433088879916009,-1.6709858365339694
GD,14,105,0.162682418125,0.09429802863750002,0.5217221575,-1.8159553337494305,-2.3612949947839357,-2.262250017797866
GD,14,106,0.26121552658749997,0.1545531430375,0.47603041125000006,-1.3424094400559616,-1.8672172739074673,-1.6993273073116346
GD,14,107,0.21123438925000002,0.18870988049999998,0.7345609812500001,-1.5547869125167948,-1.667544467088114,-1.458414908830593
GD,14,108,0.21995598725,0.13871772687499997,0.65602784125,-1.514327810598583,-1.9753141525100584,-1.8259811675775186
GD,14,109,0.28733578675,0.234141149875,0.8067921874999999,-1.2471037584499212,-1.451831140885183,-1.1850737458977436
GD,14,110,0.1925520515,0.196819832375,0.66174330375,-1.6473887644024898,-1.6254665251781575,-1.406290303126698
GD,14,111,0.327601542625,0.32338896662500005,0.6637060225,-1.115957218146788,-1.128899449226935,-0.7382407335453521
GD,14,112,0.055897642750000004,0.074592521375,0.5713177500000001,-2.8842330687621014,-2.595715026462635,-2.518193905426037
GD,14,113,0.164321529,0.171164033125,0.8608738687499999,-1.8059302278305747,-1.7651329242325189,-1.5773999121400206
GD,21,0,0.23485202949999998,0.38320191012500004,0.6144209175,-1.4487996248602895,-0.9591932482292745,-0.47597969466104695
GD,21,1,0.105753162875,0.10354787812499999,0.7937841362500001,-2.246647552519563,-2.26772118265904,-2.1584107896908296
GD,21,2,0.0680025008625,0.068880936125,0.71479296125,-2.688210797092596,-2.6753758282900892,-2.6040077065659206
GD,21,3,0.07129316611249999,0.42291276999999994,0.316291146875,-2.6409548031050085,-0.8605893386957001,-0.31082749330487547
GD,21,4,0.138617805,0.171924754875,0.80579143,-1.9760347372735616,-1.7606983695443033,-1.5720471165733054
GD,21,5,0.17436750750000002,0.21823880625,0.6011711925000001,-1.7465900950715822,-1.5221653742375276,-1.2759594103267726
GD,21,6,0.264227949245,0.11618533527500001,0.672648045,-1.3309431042794007,-2.1525686449811934,-2.029060751367496
GD,21,7,0.14850763099999997,0.184621099625,0.81377752625,-1.907118934854273,-1.68944966428469,-1.4853472989425551
GD,21,8,0.251581827375,0.21646424625000002,0.71228022875,-1.3799869850037052,-1.530329889519222,-1.2863913046678672
GD,21,9,0.0173483939875,0.156542789,0.42337135875000004,-4.054255342435685,-1.8544258942316418,-1.68417978802944
GD,21,10,0.156399721875,0.177661986375,0.529539875,-1.8553402291653462,-1.7278724869364537,-1.5322687272768702
GD,21,11,0.025096937913749996,0.39386844125,0.354797657,-3.685009435754579,-0.9317383308998956,-0.431080108072522
GD,21,12,0.07870062574999999,0.10914654287499999,0.69145020875,-2.5421041725103386,-2.215063869643996,-2.09948853448813
GD,21,13,0.1821749145,0.19889069237499998,0.79068819125,-1.7027879847548433,-1.6149998897174056,-1.3932420124445806
GD,21,14,0.25217704225,0.21443017499999997,0.77757269,-1.3776238895313524,-1.539771118084183,-1.2984251852722313
GD,21,15,0.45563787525000005,0.883210782875,0.20200154162499998,-0.7860569181822624,-0.1241913946626835,2.0231931373222745
GD,21,16,0.093688718625,0.10409408075,0.4947195025000001,-2.3677774958656896,-2.262460166169035,-2.1525402938118012
GD,21,17,0.22698140477499998,0.2615083119625,0.31360061875,-1.4828871821468879,-1.3412892102748573,-1.0381437780044704
GD,21,18,0.07287151675,0.105776395,0.545572095,-2.61905743305245,-2.246427894091428,-2.134628476458315
GD,21,19,0.139942103875,0.86468464375,0.34941525925,-1.9665264856556313,-0.14539041222282761,1.854756840240248
GD,21,20,0.21153193787500002,0.38297425500000004,0.7424193000000001,-1.5533792853949564,-0.9597875113819596,-0.47694298152870424
GD,21,21,0.179010202875,0.21391802940000001,0.22405138400000002,-1.7203124754641046,-1.5421623775258324,-1.301468173830421
GD,21,22,0.28118445325,0.20505308465,0.58133768875,-1.2687444077361807,-1.584486383853172,-1.355006444151287
GD,21,23,0.32758507425,0.342769090875,0.6934415575,-1.1160074889385878,-1.0706982629661255,-0.6509784005764546
GD,21,24,0.075604144,0.06106019737500001,0.7787439437500001,-2.582244182484112,-2.7958950592043768,-2.732891149414903
GD,21,25,0.06079785022499999,0.04547153337499999,0.6581115775,-2.8002008487765773,-3.090668788929565,-3.0441309762672586
GD,21,26,0.1464428495,0.131073205,0.862322465,-1.9211200324381261,-2.031999295067053,-1.891502897295548
GD,21,27,0.051868893650000004,0.0409544061,0.64055098125,-2.959036020131051,-3.195295877401611,-3.1534792153427404
GD,21,28,0.051008026875,0.06257022487500001,0.56946077875,-2.9757722689363892,-2.771465755003575,-2.706852324527036
GD,21,29,0.09488648512499999,0.084032042125,0.7533053925000001,-2.355073995256981,-2.4765570990048067,-2.3887832035991607
GD,21,30,0.059388590237500004,0.050900195625000005,0.7005747199999999,-2.8236531546077153,-2.9778885121128096,-2.9256471941507773
GD,21,31,0.19551716525000004,0.32871680325,0.53682333375,-1.6321071016207866,-1.11255867929608,-0.7139945000351958
GD,21,32,0.11853704949999999,0.129580199625,0.8189337625,-2.1325297132645917,-2.0434552874074146,-1.9046756328608117
GD,21,33,0.252185603125,0.43925026625,0.5580964,-1.3775899422314113,-0.8226859457682729,-0.24420536537581936
GD,21,34,0.13489219112499998,0.122725590125,0.49330287375,-2.0032794038412405,-2.097804390534609,-1.966868951077522
GD,21,35,0.064443365,0.06886534675,0.5637101987500001,-2.741968502918174,-2.6756021774116943,-2.6042507981698817
GD,21,36,0.053012950925,0.06754841843750001,0.36378590000000005,-2.937219038204871,-2.6949106280624577,-2.6249725759928597
GD,21,37,0.10127807999999999,0.137170860875,0.83185590625,-2.289885278111935,-1.986527970540093,-1.8389893782483826
GD,21,38,0.131961005,0.27433725262499997,0.48545872875,-2.025248816706532,-1.2933970804713413,-0.9727271730879103
GD,21,39,0.146510348,0.53349559275,0.44012700750000006,-1.9206592182072493,-0.628304469286635,0.1341833419714875
GD,21,40,0.079045441025,0.09787515499999999,0.5153621287500001,-2.537732389032763,-2.324062541019806,-2.221060181613547
GD,21,41,0.07696679987499999,0.11216771162499999,0.35475342374999996,-2.564381120563707,-2.1877601024870166,-2.0687876842173476
GD,21,42,0.29948709257375,0.2084770446375,0.5508754899999999,-1.2056839589371204,-1.5679263414663438,-1.3341299437378407
GD,21,43,0.17390250287499998,0.16593191499999999,0.57751187375,-1.7492604651147767,-1.796177725362768,-1.6147374820979319
GD,21,44,0.201516856,0.49888447125,0.5503982399999999,-1.6018822484886244,-0.6953807305767183,-0.004462122403589379
GD,21,45,0.22591128375000002,0.121121987625,0.7708094274999999,-1.4876129065564458,-2.11095707904951,-1.9818479081160254
GD,21,46,0.07740888366624998,0.9279674605,0.262731936,-2.558653728922981,-0.07475861092707628,2.555878713631999
GD,21,47,0.08210352547500001,1.30584419125,0.272634199025,-2.4997743222154956,0.26684972147835334,
GD,21,48,0.11536031987499999,0.113137487375,0.69797459125,-2.159694832607803,-2.179151497418734,-2.0590861860544547
GD,21,49,0.35069978433749993,0.24411942255,0.64747322,-1.047824736784868,-1.4100977367436724,-1.1302258551270938
GD,21,50,0.16162852475,0.15650877925,0.7927459337499999,-1.8224546339299217,-1.8546431731312425,-1.6844373879600387
GD,21,51,0.1165043725,0.11762678025,0.59174417375,-2.1498264744918556,-2.1402385462283204,-2.0150983853935567
GD,21,52,0.217227376625,0.1755062895,0.8281384975,-1.5268106554719718,-1.7400803991115306,-1.5470946338404006
GD,21,53,0.14576447675,0.150085444625,0.7127379587499999,-1.9257631327835112,-1.8965505162306062,-1.733931058591812
GD,21,54,0.2290924183125,0.32360474262500005,0.37561374375,-1.4736297834247147,-1.1282324380801032,-0.7372547645292116
GD,21,55,0.193093360625,0.207976977125,0.55845673625,-1.6445814732304427,-1.5703278923061044,-1.337163074002506
GD,21,56,0.064357178375,0.06099027612499999,0.7043293287500001,-2.7433067991024176,-2.7970408353024827,-2.7341113910394204
GD,21,57,0.044110345275,0.063215584625,0.7340800525,-3.1210609373058085,-2.761204416060455,-2.6959023132018824
GD,21,58,0.112755829,0.11698556925,0.8038715025,-2.1825306034877743,-2.1457046915349425,-2.021290955888454
GD,21,59,0.261762150375,0.149989492875,0.7921048825000001,-1.3403190105380813,-1.897190034839322,-1.7346834665886761
GD,21,60,0.212204872625,0.209302227625,0.6471580225,-1.550203090648356,-1.5639760063713415,-1.329136539179962
GD,21,61,0.182492151125,0.19833541175,0.78890061125,-1.701048114418688,-1.6177956827477609,-1.3967307050144722
GD,21,62,0.318691177225,1.2163820475,0.1851932094375,-1.1435327415786942,0.1958809179979229,
GD,21,63,0.065462848125,0.2984368695,0.5787496725,-2.7262725014605587,-1.2091968609794765,-0.8547524710758501
GD,21,64,0.2095927305,0.281077984375,0.3936900825,-1.5625890098657174,-1.2691231236849905,-0.9391207342674506
GD,21,65,0.038619761375,0.031817251,0.66647713625,-3.253991180794229,-3.4477466520106774,-3.4154122327757297
GD,21,66,0.136163311625,0.124046753375,0.63457710375,-1.9939002928826262,-2.0870967410933066,-1.954654180190607
GD,21,67,0.136370066875,0.6528396362500001,0.40237672625000004,-1.992383008718733,-0.4264237598807296,0.631544702538149
GD,21,68,0.188126965875,0.27738844025,0.34109884874999996,-1.670638193699709,-1.2823364437433105,-0.9574529807865563
GD,21,69,0.114932451875,0.17245911749999998,0.6250607125000001,-2.163410698191162,-1.7575950705996608,-1.5682983024822
GD,21,70,0.613463880625,0.33959162525,0.09709740412500001,-0.48863389085120834,-1.0800114854791762,-0.6651145997921022
GD,21,71,0.28724910836250006,0.248225242225,0.38153253750000005,-1.2474054663050866,-1.3934187102345739,-1.1081001861005613
GD,21,72,0.048921031999999996,0.09620128237499999,0.42493785500000003,-3.0175478727192817,-2.3413125910978687,-2.240163990221579
GD,21,73,0.33982402156375,0.1907231854625,0.709477765,-1.0793273790006064,-1.656932192945452,-1.4453179412685988
GD,21,74,0.120133873875,0.09606797375,0.8088062874999999,-2.119148542411758,-2.34269927817461,-2.241698164556247
GD,21,75,0.13501641,0.1432677485,0.72712983375,-2.0023589523754297,-1.9430400322837484,-1.788410197763546
GD,21,76,0.07954664962500001,0.177021017375,0.55417060875,-2.5314116416786074,-1.7314868112259703,-1.5366621950796269
GD,21,77,0.049248170625000004,0.044837252,0.7287501175,-3.01088305672397,-3.104715967223504,-3.0588424309567386
GD,21,78,0.032864389,0.08138026325,0.75180329625,-3.4153656086458666,-2.508622501589544,-2.423739479953024
GD,21,79,0.07611836825000001,0.062135610125,0.8005707562500001,-2.575465673331511,-2.778436022427414,-2.714286108305688
GD,21,80,0.07405590637500001,0.08444403025,0.8182382774999999,-2.6029349794640018,-2.4716663279842193,-2.3834425469661227
GD,21,81,0.36869048112499997,0.9300323276250001,0.258257823125,-0.9977977914742825,-0.07253593255188419,2.5871860342683655
GD,21,82,0.09946157075,0.149776677875,0.6823795475,-2.3079839330392318,-1.8986099084376082,-1.7363536763436134
GD,21,83,0.08225311025,0.12416953362500001,0.7009988675,-2.497954075461944,-2.0861074404998776,-1.9535247021890998
GD,21,84,0.1028112085,0.18842907437500003,0.5049578712499999,-2.2748608998034725,-1.6690336061614537,-1.4602501109616985
GD,21,85,0.10618967174999999,0.108142732375,0.7291899462500001,-2.2425284277285202,-2.2243033283325033,-2.1098541552534718
GD,21,86,0.0750821455,0.07477024475,0.4181001775,-2.589172491486718,-2.593335270603997,-2.5156220823461273
GD,21,87,0.39567393662499994,0.49642579974999995,0.550618595,-0.9271647992624528,-0.7003212532915544,-0.014297044527879185
GD,21,88,0.20757797549999998,0.195109397875,0.72901300125,-1.5722482243589184,-1.634194862984739,-1.4171459542048315
GD,21,89,0.09486682925,0.10663160725000001,0.65914108375,-2.355281168187109,-2.2383753079155024,-2.1256190586157406
GD,21,90,0.24660799750000004,0.1880218555,0.6792698300000001,-1.3999552577153191,-1.67119707024943,-1.4629152154263447
GD,21,91,0.10908095637500001,0.10788256175000001,0.6988103925,-2.215664953395587,-2.22671203470037,-2.1125545368631315
GD,21,92,0.11809475087500002,0.13692498575,0.63704572125,-2.1362680032102843,-1.9883220523839293,-1.8410683833611996
GD,21,93,0.22351093087499996,0.19885873924999997,0.68381878625,-1.4982949584063363,-1.6151605593376648,-1.3934425673682187
GD,21,94,0.250822100625,0.24060158387500002,0.5939948675,-1.383011353591402,-1.4246128924416137,-1.1493841755623517
GD,21,95,0.12952486725,0.12110166874999999,0.6976014750000001,-2.043882391180478,-2.111124848584094,-1.9820387964905857
GD,21,96,0.11373591275,0.17846975575,0.63058275125,-2.1738760727764173,-1.7233361276925017,-1.5267496013955744
GD,21,97,0.11124380412500001,0.2799384665,0.5063494875,-2.196031052745141,-1.273185462464204,-0.9447668550348418
GD,21,98,0.086456541875,0.10937276862499999,0.6016461575000001,-2.448113397361884,-2.2129933356553217,-2.0971640255305704
GD,21,99,0.0394447279,1.36319757375,0.2842829813625,-3.232854880671578,0.30983309727178804,
GD,21,100,0.098774865375,0.107713547875,0.42968872499999994,-2.314912105631701,-2.2282799100197987,-2.1143118467342523
GD,21,101,0.1096131745,0.12628187000000002,0.5936095675,-2.2107977064003284,-2.0692388070396195,-1.9342413459760401
GD,21,102,0.14182185075,0.23906174200000002,0.52966278125,-1.953183581198488,-1.431033425685263,-1.1578303685532694
GD,21,103,0.12243074437500001,0.12127943687500001,0.8175048699999999,-2.1002097609098955,-2.1096580002799237,-1.9803696652840466
GD,21,104,0.176300826875,0.20642188025,0.796017095,-1.735563499430491,-1.5778332420301042,-1.3466299477590102
GD,21,105,0.061955559187499995,0.05850500451249999,0.7416505662499999,-2.7813379382502723,-2.838642981181059,-2.7783567348146625
GD,21,106,0.268798344375,0.248742255375,0.48860170249999996,-1.3137938296713076,-1.3913380375989675,-1.1053315533981356
GD,21,107,0.106268695875,0.14121693987499997,0.61656123125,-2.2417845254804925,-1.9574579903327958,-1.8052190521083447
GD,21,108,0.3243181555,0.350325226625,0.5485530774999999,-1.1260302835787837,-1.0488933370267572,-0.6176099470642995
GD,21,109,0.12028158525000002,0.12615076112499998,0.7383430337500001,-2.1179197412845427,-2.070277570421397,-1.9354301566493626
GD,21,110,0.26825761225,0.36497249625,0.77142912625,-1.3158075204275494,-1.007933280978532,-0.5538463129432318
GD,21,111,0.127470092125,0.128443449125,0.665589395,-2.059873513468497,-2.0522665561428743,-1.9147920291435447
GD,21,112,0.1989309995,0.21855404012500002,0.7857947,-1.6147972505654378,-1.5207219717992948,-1.2741126910555252
GD,21,113,0.13117038350000002,0.144576122,0.83269030625,-2.031258163472538,-1.9339491142901202,-1.7777909451371905
KK,7,0,0.05056778424999999,0.22311743512499999,0.41110454625000004,-2.9844405803534357,-1.5000570312246746,-1.2475909520304975
KK,7,1,0.06298217375,0.0573064295,0.684582985,-2.764903548979512,-2.8593424538773706,-2.800328452970696
KK,7,2,0.058043078275,0.050733593875,0.4950368075,-2.846569815243003,-2.9811669867233643,-2.9291011899537196
KK,7,3,0.17274063098749998,0.1023842475375,0.80545039625,-1.7559640523202977,-2.279022410851786,-2.17100921601896
KK,7,4,0.0797114799125,0.0732993529125,0.51619259,-2.5293416645058984,-2.613203498061649,-2.5370788059426594
KK,7,5,0.19830569574999998,0.218995998125,0.78990243375,-1.6179455209742772,-1.5187018227344233,-1.271526817618537
KK,7,6,0.08571321174999999,0.12539016012499998,0.437254815,-2.4567483024831334,-2.0763251217647953,-1.9423477324128018
KK,7,7,0.14146188075000002,0.13096611275,0.84758066625,-1.9557249921848574,-2.0328166705424735,-1.8924435117501113
KK,7,8,0.05054831562499999,0.035692929,0.8878963799999999,-2.98482565504015,-3.332802677041338,-3.29645718032891
KK,7,9,0.34663946612499996,0.2469217985,0.8542991262499998,-1.0594700416941802,-1.3986835977473453,-1.115097394426378
KK,7,10,0.07525002775,0.081708300375,0.7820659875,-2.5869390065824556,-2.5045996864994473,-2.419359503246976
KK,7,11,0.13331111387500003,0.18326066600000002,0.6807132387499999,-2.0150696803667416,-1.6968457352707282,-1.4944104476088957
KK,7,12,0.28610907025,0.58075513625,0.6050953525,-1.2513821763527568,-0.5434260632037026,0.3258740661936909
KK,7,13,0.28048008262499996,0.351630016875,0.557102715,-1.271252563224972,-1.0451757445881538,-0.6118819606343817
KK,7,14,0.0676142273875,0.060271863425,0.6183931875,-2.6939368537655946,-2.8088898940125873,-2.746725232053794
KK,7,15,0.2455816305,0.64096031375,0.38248039375,-1.4041258798874963,-0.44478773700467866,0.5795346129416292
KK,7,16,0.40254141125000004,1.0954157093749999,0.2356361375,-0.9099573023226594,0.09113393448703395,
KK,7,17,0.117160232875,0.1359347765,0.45215935125,-2.1442127693581408,-1.9955800928423648,-1.8494730699770816
KK,7,18,0.155920617,0.160639344125,0.55442377125,-1.8584082666331445,-1.8285935253743089,-1.6534787244692983
KK,7,19,0.24935239512499996,0.352199409375,0.3610484875,-1.388888141561905,-1.0435577598805514,-0.6093853993749621
KK,7,20,0.232365489875,0.324346069125,0.6596435612499999,-1.4594437595445522,-1.1259442186349882,-0.733869948036103
KK,7,21,0.06374561100000001,0.19679418275000005,0.2527739995,-2.7528549443724923,-1.62559685399802,-1.4064525665192515
KK,7,22,0.44430006149999995,0.9346257982249999,0.186192357625,-0.8112551306202974,-0.06760904560330762,2.660018521010922
KK,7,23,0.095347617125,0.22901633125,0.6340203625,-2.3502259380712673,-1.4739619624685434,-1.2138738749187814
KK,7,24,0.173686813125,0.34077400575,0.37907593874999995,-1.750501526147184,-1.0765357611437483,-0.6598468930042904
KK,7,25,0.025594771225,0.0168337249125,0.8490381050000001,-3.6653671973817303,-4.084370969510779,-4.067393947019975
KK,7,26,0.21172509525,0.1061103067875,0.8104950787499999,-1.552466566298557,-2.2432760958794438,-2.1311031987898383
KK,7,27,0.41859128087499997,0.288870982,0.74616369875,-0.8708602984394391,-1.2417751196145717,-0.9008737138894284
KK,7,28,0.06959094874999999,0.09151908887499999,0.33504536625,-2.66512076679397,-2.3912077068744186,-2.2952263040878416
KK,7,29,0.3929658199999999,0.25664014595125,0.1614835325,-0.9340326429053387,-1.3600803856038295,-1.063505359863788
KK,7,30,0.21226469337499998,0.6819162812499999,0.255090384875,-1.5499212294494025,-0.3828483834390538,0.7625922809020186
KK,7,31,0.35916544755875,0.54693202815,0.39314502625,-1.0239721399460857,-0.60343074726133,0.1882823692598877
KK,7,32,0.199487208625,0.35437306524999995,0.51060282125,-1.6120051618757323,-1.0374050641270174,-0.5998716217229091
KK,7,33,0.115626461375,0.1947561545,0.8321691112500001,-2.1573904443104994,-1.6360069926766985,-1.4193968589086396
KK,7,34,0.32447175,0.5787538132000001,0.19260589949999996,-1.1255568036384598,-0.546878084920893,0.31765976454246825
KK,7,35,0.25187502,0.41704690225,0.41671018125000003,-1.3788222668767263,-0.8745565880885571,-0.33490804239217775
KK,7,36,0.22373822525,0.39728535625,0.7793922975,-1.4972785477928996,-0.9231004750084942,-0.4167890531340778
KK,7,37,0.3724178285,0.9178716152499998,0.25270581625,-0.9877388601279697,-0.08569775081078847,2.4137738376039986
KK,7,38,0.17332656800000001,0.24241304749999998,0.83423428375,-1.7525777876057247,-1.4171121999154301,-1.1394952405079675
KK,7,39,0.29908438425,0.44269899825,0.5073974099999999,-1.2070295238365607,-0.8148652020656668,-0.23021541516323651
KK,7,40,0.10199657912500001,0.16282525425,0.3706206362499999,-2.282816004250473,-1.8150777130584912,-1.6373552590594427
KK,7,41,0.2522060015,0.5516604275,0.5469120550000001,-1.3775090591444443,-0.594822589570712,0.2073817697835496
KK,7,42,0.447014511125,0.5627216487625,0.34306073762500006,-0.8051642215286015,-0.5749701802733744,0.2522151470321338
KK,7,43,0.24224557100000002,0.404515187,0.39754712375000006,-1.417803311144131,-0.905065998070962,-0.38668660462026727
KK,7,44,0.15823132650000002,0.162477304375,0.75536847375,-1.8436972249203991,-1.8172169523510784,-1.639910035954716
KK,7,45,0.10927512875000002,0.283455815,0.7724881600000001,-2.2138864600133656,-1.2606990233402307,-0.9273836575546657
KK,7,46,0.23441300025,0.43169028249999997,0.35166185999999994,-1.450670760999823,-0.8400468865188553,-0.2749581549369611
KK,7,47,0.16640266037499998,0.7821827775,0.5698393975,-1.793344762892304,-0.2456668349292039,1.278432161841021
KK,7,48,0.153092334875,0.38727469,0.6745914300000001,-1.8767140437050958,-0.9486210444548169,-0.4587824933114366
KK,7,49,0.10668200506374999,0.0390303807375,0.74301237875,-2.237902784721684,-3.2434149428410364,-3.2036024586588137
KK,7,50,0.078237696375,0.0527555625,0.897632145,-2.5480036967488466,-2.94208606194848,-2.8878879605860006
KK,7,51,0.038034665210125,1.3767585925,0.28298548325,-3.2692572927242343,0.3197318902886083,
KK,7,52,0.10964334237500001,0.254292740125,0.6653521012499999,-2.2105225230158583,-1.3692691554279566,-1.0758469865992435
KK,7,53,0.032761283530000004,0.028685188975,0.48295486874999993,-3.4185078409723464,-3.5513743530120565,-3.522269702983532
KK,7,54,0.20917397512500002,0.2557333175,0.864119425,-1.564588956418071,-1.3636201059944717,-1.068264241840074
KK,7,55,0.220789409,0.69719668625,0.537195785,-1.5105459322151327,-0.36068771828789925,0.8339840954986197
KK,7,56,0.15913249837500001,0.31504558125000004,0.77285931875,-1.8380181006696297,-1.1550379482439312,-0.7766349633392012
KK,7,57,0.086765858625,0.065528777375,0.74046897875,-2.4445420685052315,-2.725265883589906,-2.6574914366204543
KK,7,58,0.19732311349999995,0.626011745,0.5347480975,-1.6229127238033199,-0.46838614607721163,0.515144739726817
KK,7,59,0.16365725175,0.65730104125,0.43617106749999995,-1.8099809664594328,-0.4196131595818059,0.6512897288961377
KK,7,60,0.157134444,0.166844739125,0.8516079887500001,-1.850653508866026,-1.7906916048482298,-1.608156338269966
KK,7,61,0.14381488937499998,0.52714223725,0.44519058375,-1.939228296809144,-0.6402848669520784,0.10867578176346099
KK,7,62,0.17896344912499998,0.24879701699999998,0.7942127249999998,-1.7205736888243877,-1.3911179077388272,-1.1050385276226247
KK,7,63,0.188830105,0.269796350375,0.79468203375,-1.6669075835330935,-1.3100878624497148,-0.9956560507935779
KK,7,64,0.294733988125,0.260957861875,0.7054812362499999,-1.2216820646195403,-1.3433963334484862,-1.0409959942557931
KK,7,65,0.23708652212499998,0.5280574650000001,0.7043337675000001,-1.4393301322122842,-0.6385501659707264,0.11234788271908629
KK,7,66,0.18347477812500002,0.192914911125,0.8147045162500001,-1.6956780698445608,-1.645506062291208,-1.4311798845275865
KK,7,67,0.08494075485,0.09554032787499998,0.52577234125,-2.465801267275186,-2.3482068392175437,-2.2477892782558837
KK,7,68,0.318070866,0.800558115125,0.28430752174999996,-1.145481071972519,-0.22244615064834622,1.3897862383258026
KK,7,69,0.29062283,0.8270065087499999,0.49152112125,-1.2357289693350586,-0.18994271367502724,1.5645585943494569
KK,7,70,0.1023359518375,0.221093863,0.18160895912500002,-2.2794942324018175,-1.5091679481751494,-1.2593032161480888
KK,7,71,0.29079530225,0.541491049,0.43928456250000003,-1.2351356880268494,-0.6134287426869475,0.1663467224337216
KK,7,72,0.24813404712500003,0.2541067115,0.57504558375,-1.3937861662406679,-1.3700009761752365,-1.0768282422587958
KK,7,73,0.240983222625,0.32174793274999997,0.42992331000000006,-1.4230279635786653,-1.1339868575459666,-0.7457505780156606
KK,7,74,0.21774113475,0.33203309599999997,0.6501140587500001,-1.524448377051914,-1.1025206282870543,-0.6990039767039937
KK,7,75,0.23082734025,0.5968895485,0.300096478,-1.4660852927416774,-0.5160231935939327,0.3925214877917274
KK,7,76,0.204866454875,0.38919766624999996,0.7060026987500001,-1.58539695175687,-0.9436679249626739,-0.45068604012649044
KK,7,77,0.21934803674999998,0.20672253162499998,0.858868545,-1.5170956017176958,-1.5763778118249252,-1.3447955903460282
KK,7,78,0.06538512475,0.16254495050000003,0.5349603449999999,-2.7274604966955383,-1.816800697002639,-1.6394130080405112
KK,7,79,0.39736904762499997,1.0025880911249998,0.200940214125,-0.9228898391021146,0.002584747784501646,
KK,7,80,0.445602111,0.8801270597125,0.192289841,-0.8083288529476093,-0.1276889958956136,1.9936339321994627
KK,7,81,0.18781750312499998,0.175216542875,0.8113021075,-1.6722845156723125,-1.7417326821348869,-1.5490982788223997
KK,7,82,0.2138308725,0.35032184875,0.7535965975000002,-1.5425698918447193,-1.0489029791850384,-0.6176247885413123
KK,7,83,0.2559773655,0.23944718937499998,0.6283754537499999,-1.362666254427126,-1.4294223900991168,-1.155712662384306
KK,7,84,0.06429295674999999,0.0970355705,0.59182531875,-2.7443051910632534,-2.3326776615134674,-2.2306055436995833
KK,7,85,0.087395268625,0.123964987,0.525530485,-2.4373141325113847,-2.0877561161522364,-1.9554068964858264
KK,7,86,0.127953392,0.145617107625,0.76825351125,-2.056089206372125,-1.9267746526973826,-1.7693988187513785
KK,7,87,0.11195906449999998,0.15360848075,0.7877637874999999,-2.1896219700325297,-1.873348246576613,-1.706575008858615
KK,7,88,0.221779627875,0.607863225,0.51381621625,-1.506071057359999,-0.4978053812045936,0.4383392030277223
KK,7,89,0.074522273375,0.0786520085,0.65582092875,-2.5966572268031793,-2.542722112613836,-2.4608046394568635
KK,7,90,0.19532353612500003,0.1146866705475,0.64558627875,-1.6330979356877613,-2.1655514730427794,-2.043737820988675
KK,7,91,0.142568061875,0.211376137,0.68340857125,-1.9479357661080101,-1.5541160927122182,-1.3166502946701342
KK,7,92,0.230205279625,0.390885901125,0.42017745000000006,-1.4687838480094852,-0.9393395745620033,-0.44358990021565403
KK,7,93,0.237802228125,0.13167869331249998,0.39885831375,-1.4363159250258695,-2.027390465306592,-1.8861970014839813
KK,7,94,0.25854053862500004,0.13696044925,0.83772115875,-1.352702774795172,-1.988063086439295,-1.840768326864728
KK,7,95,0.266380857125,0.17917731625000002,0.8017757775,-1.3228282005366758,-1.7193793698800042,-1.5219312010801618
KK,7,96,0.25133763225000005,0.37977204587499996,0.7342883175,-1.3809580953455989,-0.9681840855375835,-0.4905158849648362
KK,7,97,0.28806778074999995,0.13140708234874998,0.32635104374999996,-1.2445594767102284,-2.0294552752307857,-1.8885745625644013
KK,7,98,0.24604345074999998,0.58260734175,0.454710745,-1.4022471295818104,-0.5402418328369245,0.333486040899737
KK,7,99,0.270791536,0.22790317275,0.75249815,-1.306405993971625,-1.4788344211512303,-1.2201891082279135
KK,7,100,0.20526513349999997,0.226441991,0.85354856875,-1.5834528013335676,-1.4852664772361872,-1.228511860930264
KK,7,101,0.26996093275,0.163041323,0.6788467262500001,-1.309478023971398,-1.8137515949675345,-1.6357710148857456
KK,7,102,0.045728202600000004,0.16619306475,0.3056281375,-3.0850400466986585,-1.7946051257707907,-1.6128517298428793
KK,7,103,0.17429557812500002,1.0477304487499999,0.3295067295,-1.7470026961124494,0.046626347424649425,
KK,7,104,0.11009141750000001,0.11653561074999999,0.6612109275,-2.2064441901538507,-2.1495583810106305,-2.0256540865243045
KK,7,105,0.4529547477375,0.205028778865,0.43571598500000003,-0.7919630531081081,-1.5846049249894227,-1.355155560176199
KK,7,106,0.317266851125,0.578740530375,0.49351330875000005,-1.1480120575650026,-0.5469010359185794,0.31760528182769504
KK,7,107,0.08754475499999997,0.10937456712500002,0.48968903499999994,-2.4356051306685136,-2.212976892026476,-2.0971455625363236
KK,7,108,0.532960688125,0.8988432250036751,0.12309126799999999,-0.6293076133994294,-0.1066466479229411,2.1844370899917442
KK,7,109,0.07844658325000001,0.14043709212499997,0.46365593125,-2.545337353970175,-1.962995633357674,-1.8116643677650022
KK,7,110,0.0574632095125,0.05335971177499999,0.6765567450000001,-2.856610370525541,-2.930699278907348,-2.875863177473073
KK,7,111,0.18329551112499998,0.2929723275,0.6876564462499999,-1.6966556136616575,-1.227677119817808,-0.8809916467017673
KK,7,112,0.0927038495,0.6700464062499999,0.40198642837500004,-2.3783452808431838,-0.40040830593599896,0.7083949534742343
KK,7,113,0.08751990750000001,0.064716145125,0.72055791875,-2.435888997210304,-2.737744570351296,-2.670839362685907
KK,7,114,0.186528518375,0.310049182625,0.47847910125,-1.6791711380494763,-1.171024340458069,-0.7998893773600898
KK,7,115,0.244174854125,0.43059716412499993,0.38469602125,-1.409870695068658,-0.842582279942117,-0.27941515625340446
KK,7,116,0.133700183875,0.104502215125,0.7687886125,-2.0121554195947065,-2.2585470104335115,-2.148171479330991
KK,7,117,0.161511667125,0.4300700075,0.79242602875,-1.8231778966687102,-0.8438072754068009,-0.28156552953480557
KK,7,118,0.391227306375,0.553144143625,0.45275907375,-0.9384665416854053,-0.5921366538753506,0.2133825514572443
KK,7,119,0.21239324162499998,0.44506066000000005,0.3509341550000001,-1.5493158092119286,-0.8095446914991469,-0.22064822299276227
KK,7,120,0.142064865375,0.147487689,0.56644517875,-1.951471527266018,-1.9140105710923896,-1.754442942219372
KK,7,121,0.1145574882875,0.04276170118249999,0.6972610387499999,-2.1666785008748546,-3.1521124091802832,-3.108409496733125
KK,14,0,0.49104513307625,0.15952787040375,0.1792404075,-0.7112192346865075,-1.8355366359481398,-1.6617451499504945
KK,14,1,0.039129929247124995,1.33833016375,0.274365003,-3.240867650910569,0.2914226904214597,
KK,14,2,0.146540011125,0.215022094375,0.76488096875,-1.9204567743324839,-1.5370144915995037,-1.2949147843030404
KK,14,3,0.21298923774999998,0.19718989762500003,0.7358252375000001,-1.5465136415445488,-1.6235880672080063,-1.4039509889938877
KK,14,4,0.0812140645,0.087891959875,0.63685804625,-2.510666838685222,-2.431646947473412,-2.3396501165985186
KK,14,5,0.32781773099999995,0.246494390875,0.52365367125,-1.1152975232261775,-1.4004160408292867,-1.1173972239802197
KK,14,6,0.15475751725,0.153921400125,0.5853639949999999,-1.865895791860571,-1.8713131956599074,-1.704170179622009
KK,14,7,0.23679434336249996,0.06551067825125,0.6697083612500001,-1.4405632640848858,-2.725542122891704,-2.657787044039792
KK,14,8,0.21545819675,0.11841548537499999,0.7950160637499999,-1.5349883708540002,-2.1335557764441178,-2.0075213706258275
KK,14,9,0.10006088637499999,0.14128974675,0.6207518575000001,-2.301976414526375,-1.956942555618795,-1.8046188346770236
KK,14,10,0.120928246125,0.17564949137500002,0.645437575,-2.112557916515132,-1.7392647959477072,-1.546105330973841
KK,14,11,0.260164409625,0.23064781199999998,0.7789469699999999,-1.3464415031007448,-1.4668633552578567,-1.2046569227342492
KK,14,12,0.28718278075000003,0.36429318875,0.5954361187499999,-1.2476363992113266,-1.0097962719582176,-0.5567784614276625
KK,14,13,0.09729050162499998,0.11333477912500001,0.7689323200000001,-2.330053914031117,-2.177409193136115,-2.0571213966681783
KK,14,14,0.29826898175,0.3508068308750001,0.6590014575,-1.2097595762740505,-1.04751954639604,-0.6154945810103812
KK,14,15,0.10604754062499999,0.08961691875,0.5820217,-2.243867788952283,-2.4122111514916904,-2.3183213518447023
KK,14,16,0.15034210825,0.42496106887499996,0.45749031625000003,-1.8948418601170904,-0.8557577169005578,-0.30244018272815076
KK,14,17,0.158497338875,0.19029734187499997,0.43699314125,-1.8420174752379224,-1.6591674728543089,-1.4480792854105253
KK,14,18,0.075818514625,0.106249883625,0.6640603887500001,-2.5794127598930254,-2.2419615664723285,-2.1296325117081905
KK,14,19,0.35790811362499997,0.28882959825,0.47311891,-1.0274789913777091,-1.2419183901996658,-0.9010751772143029
KK,14,20,0.542870023125,0.31153513530375,0.25242053875,-0.610885355795239,-1.1662431532028643,-0.7929521594187947
KK,14,21,0.053746429236250004,0.71920591075,0.34291194774999995,-2.923478046995075,-0.3296075773518243,0.9405260793796915
KK,14,22,0.388607948375,0.7653964715000001,0.313415741,-0.9451842883750979,-0.26736131600900015,1.1824969863724109
KK,14,23,0.33531630524999995,0.8735072175,0.39902199099999996,-1.0926809978524532,-0.1352388867060429,1.9323311410722055
KK,14,24,0.203535732625,0.29278098237499994,0.72413750875,-1.5919136992188185,-1.2283304499094367,-0.8819155733272308
KK,14,25,0.39624044637499994,0.31829005599999993,0.74558017625,-0.9257340641759371,-1.1447921861497399,-0.7616411724917097
KK,14,26,0.170601170375,0.072007248175,0.85870591375,-1.7684267836022523,-2.630988495935653,-2.556257139175809
KK,14,27,0.18125756575000002,0.120132564875,0.7225192262499999,-1.7078362440495631,-2.1191594386485098,-1.9911754138875843
KK,14,28,0.060760638250000006,0.073960869375,0.4939610374999999,-2.800813096866023,-2.604219117867615,-2.5273803303332105
KK,14,29,0.23029626425,0.5093073375,0.6686322024999999,-1.4683886935202373,-0.6747036381661025,0.037233650960160285
KK,14,30,0.099218978,0.11179591575,0.7213416675,-2.310425972504956,-2.1910802506815696,-2.0725265128918293
KK,14,31,0.21336090750000003,0.23608959,0.54080194875,-1.5447701457428455,-1.4435439273493862,-1.174239166259857
KK,14,32,0.147988506625,0.39460766625000004,0.76121949,-1.9106206661727452,-0.9298632576806686,-0.42798471209067623
KK,14,33,0.23499384875,0.2830696,0.8314603887500001,-1.4481959407124783,-1.2620624751805376,-0.9292859609566069
KK,14,34,0.18747791249999998,0.489641229,0.37301092499999994,-1.6740942405106365,-0.714082341770623,-0.04144101373504547
KK,14,35,0.117962654625,0.17273222575,0.48644584375,-2.1373871908376216,-1.7560127116423703,-1.5663858651785512
KK,14,36,0.14941287474999998,0.257536811875,0.4960843425,-1.9010418336242352,-1.3565926103581087,-1.0588106225409544
KK,14,37,0.3287344937499999,0.80339320125,0.5547186625,-1.1125048639029553,-0.21891101956475614,1.4076384706644027
KK,14,38,0.09385637337500001,0.257374284625,0.63254908625,-2.365989608026325,-1.3572238931426603,-1.0596607841418055
KK,14,39,0.23310739375,0.33325609424999997,0.5320205375,-1.4562560142242502,-1.0988440327686997,-0.693494776574443
KK,14,40,0.25920446062499997,0.461938926125,0.259952050125,-1.3501381054507053,-0.7723225911734979,-0.15253938612396814
KK,14,41,0.107157351625,0.16348942375,0.5155707675,-2.233456948823523,-1.8110069772814361,-1.6324908621011216
KK,14,42,0.20078543312500002,0.547091558625,0.48994268375,-1.6055184379942276,-0.603139107340474,0.18892618275683268
KK,14,43,0.16131808737500003,0.36812314,0.56773698125,-1.8243771651407323,-0.9993377772206294,-0.5402770316290737
KK,14,44,0.18309416025,0.16013142487499998,0.7494213725000001,-1.6977547215841833,-1.83176039544841,-1.65725053787825
KK,14,45,0.17756769949999998,0.36555251,0.6740973512499999,-1.7284033371495036,-1.0063453439006353,-0.5513445905710758
KK,14,46,0.124187998375,0.35614468125000004,0.54241449625,-2.0859587455931012,-1.0324182226858538,-0.5921369842420718
KK,14,47,0.2657404695,0.708573375,0.5815303212499999,-1.3252351250560293,-0.3445016613464437,0.8884653587966171
KK,14,48,0.121503058125,0.39542418874999996,0.72407305125,-2.1078158467652006,-0.9277961947247505,-0.4245679894312016
KK,14,49,0.108625121,0.067942032375,0.8958738325,-2.2198525814731505,-2.689100402434537,-2.618740133226369
KK,14,50,0.08052656387500001,0.0674014725,0.836918785,-2.519168162966188,-2.697088414121513,-2.627307940593199
KK,14,51,0.112102696125,0.17470961449999997,0.60031343625,-2.188339898122772,-1.7446300290118697,-1.5526100568573746
KK,14,52,0.124784939375,0.15969376600000001,0.78301718875,-2.0811635084139315,-1.834497260215005,-1.660508370918529
KK,14,53,0.126852518125,0.18867498600000002,0.59476448875,-2.0647301419316713,-1.667729395012877,-1.458642846954491
KK,14,54,0.163258608,0.167090216625,0.728990665,-1.81241978327238,-1.7892213931199261,-1.6063914471681005
KK,14,55,0.23901596362500002,0.443894705,0.5034579275,-1.4312249358711648,-0.8121678955755347,-0.22537027241034985
KK,14,56,0.250955858,0.251328378625,0.7057628962499999,-1.3824782198581678,-1.380994913530242,-1.0915400991996724
KK,14,57,0.156541827375,0.12577739475000002,0.90953367,-1.8544320371396592,-2.0732416428337164,-1.9388214041596992
KK,14,58,0.249513835875,0.5282139975,0.62838789875,-1.388240910919285,-0.6382537790915896,0.1129760016487341
KK,14,59,0.18131091912499997,0.542541724125,0.373523556125,-1.7075419362009179,-0.6114902856955156,0.1705793130032674
KK,14,60,0.218058584375,0.16481884862500004,0.6469720025000001,-1.5229915166308714,-1.8029082953223123,-1.6228016654157607
KK,14,61,0.28475304525,0.539485557375,0.42520284625000004,-1.2561329822431986,-0.6171392650315302,0.15827179582631318
KK,14,62,0.0870339195,0.11430455112499999,0.627113395,-2.441457357000398,-2.1688888916074833,-2.0475067669778677
KK,14,63,0.0751874415,0.145191878125,0.7695712425,-2.587771063302405,-1.9296991139341422,-1.7728208598434358
KK,14,64,0.23347512337499998,0.155845997625,0.74102459375,-1.4546797455573273,-1.8588869540417665,-1.6894666202794166
KK,14,65,0.141400532,0.26742909,0.72747374375,-1.9561587631505049,-1.318900831899229,-1.0077056945837188
KK,14,66,0.127476252,0.122186543125,0.8494704050000002,-2.0598251905555145,-2.1022063600351624,-1.9718851884186335
KK,14,67,0.19944515326249998,0.1232972,0.6400142924999999,-1.612216001439897,-2.093157577909915,-1.9615703513121305
KK,14,68,0.10500430449999999,0.26409905875,0.55989624125,-2.2537539344268005,-1.331431023676314,-1.0247712636719783
KK,14,69,0.28921800049999996,0.5292966825000001,0.6720601875,-1.2405745482416972,-0.6362061678499098,0.11732111473637107
KK,14,70,0.0622910262125,0.12783943949999999,0.44417388125,-2.7759379050966126,-2.0569801813605175,-1.9201984383514554
KK,14,71,0.11950142925000001,0.23523191300000001,0.7258544724999999,-2.124426947431049,-1.4471833876381681,-1.1790007422736626
KK,14,72,0.2629506579875,0.15674356742500004,0.22055191125,-1.3357888766205746,-1.8531441374722386,-1.6826599607158401
KK,14,73,0.23654367174999996,0.36093842525,0.44148084624999995,-1.4416224295350755,-1.0190479023720063,-0.5712934342360816
KK,14,74,0.12478959562499999,0.154489565375,0.7365065049999999,-2.0811261949115702,-1.867628722951022,-1.6998139535974215
KK,14,75,0.08696292925,0.185513886375,0.5775532287499999,-2.442273351708912,-1.6846255405720343,-1.479427640530247
KK,14,76,0.140914655875,0.15968999050000002,0.77974047125,-1.9596008493406039,-1.8345209026196254,-1.6605365063179238
KK,14,77,0.064237163875,0.066682756125,0.8329563600000001,-2.7451733592129917,-2.7078088883454754,-2.6387987780045785
KK,14,78,0.16174456062499998,0.26727566150000004,0.53306652,-1.8217369744509602,-1.3194747131066817,-1.008488992290294
KK,14,79,0.139594231125,0.45751220625,0.5030956125,-1.9690154138272224,-0.7819517142946059,-0.17036202047395455
KK,14,80,0.24177845250000002,0.37088909224999994,0.44272782125,-1.4197334576754612,-0.9918522037893569,-0.528404489891292
KK,14,81,0.2345761745,0.16400224587499998,0.70989805125,-1.4499749058911364,-1.8078751568919496,-1.6287458045375562
KK,14,82,0.102132905875,0.161889849,0.28070890625,-2.281480315089566,-1.8208391194612596,-1.644233377430453
KK,14,83,0.19531659625000003,0.238280813625,0.8138595674999999,-1.6331334664713424,-1.4343054116521905,-1.162128098618262
KK,14,84,0.291814630625,0.172250878,0.74001326,-1.2316365049283107,-1.7588032718589797,-1.5697581085969006
KK,14,85,0.219291542,0.40813316800000005,0.44993068750000004,-1.5173531924735202,-0.8961617656754449,-0.3716881503272336
KK,14,86,0.17513962200000002,0.31562435675000006,0.690555935,-1.7421717831637689,-1.1532025169743914,-0.7739541909053539
KK,14,87,0.12563762525,1.09068025125,0.413203831375,-2.074353505716046,0.08680158529739154,
KK,14,88,0.20539672574999998,0.208817349625,0.63698798625,-1.5828119224618635,-1.5662953343518538,-1.3320689071958804
KK,14,89,0.052535166125,0.060611648625,0.49424733749999994,-2.946272502668802,-2.803268182844407,-2.74074187730909
KK,14,90,0.325581781125,0.5469039825,0.62478807625,-1.122141601195077,-0.6034820267030981,0.1881691900950264
KK,14,91,0.35348019050000007,0.42056002025,0.49544548625000007,-1.0399278334052406,-0.86616807432086,-0.32047488027825755
KK,14,92,0.117209407,0.3529883125,0.4615411375000001,-2.1437931405551285,-1.0413203316621134,-0.6059294111599168
KK,14,93,0.069636074625,0.08163617850000002,0.6050097449999999,-2.6644725323422622,-2.5054827512982514,-2.420321104139465
KK,14,94,0.07368834612500001,0.08693723425,0.8678306375,-2.6079106181380887,-2.442568866096821,-2.351618212060835
KK,14,95,0.110434957375,0.11324144924999999,0.6146310524999999,-2.203328552370429,-2.1782330207807705,-2.058050478202603
KK,14,96,0.26169633525,0.229233196625,0.63186951,-1.3405704731741994,-1.4730154676965987,-1.2126460565729493
KK,14,97,0.16571508225000003,0.142034204625,0.81523112625,-1.7974853372675574,-1.9516873727463924,-1.7984963269272631
KK,14,98,0.49506746962500003,0.7626152697499999,0.43993034499999994,-0.7030612234290302,-0.2710016084835009,1.167071511158376
KK,14,99,0.058058043250000003,0.04251474012499999,0.821523385,-2.8463120231582013,-3.1579044367115756,-3.1144594842793216
KK,14,100,0.17089197450000002,0.5731829425,0.60332731625,-1.7667236501739065,-0.5565503418449499,0.29484945248196737
KK,14,101,0.34968931287500005,0.22624149500000001,0.7148920337499999,-1.0507101962176597,-1.4861522882688878,-1.2296568251476014
KK,14,102,0.35256387925,0.35817363900000004,0.50441270625,-1.0425234554172667,-1.0267373850284447,-0.5832999074217291
KK,14,103,0.30060289274999996,0.6449718185250001,0.25060399375,-1.2019651784560732,-0.43854865535019916,0.5970094528706802
KK,14,104,0.17960401374999996,0.30967287325000004,0.6339916862499999,-1.7170007750898149,-1.172238786249318,-0.8016490892492654
KK,14,105,0.2626193675,0.622000125375,0.38815792625,-1.3370495669769946,-0.47481498467545374,0.498046430367045
KK,14,106,0.16264016150000005,0.848015876625,0.33801575024999997,-1.8162151166718843,-0.1648559209303551,1.7191232941412045
KK,14,107,0.154652846875,0.298307155,0.51280023125,-1.8665723715174214,-1.2096316018288773,-0.8553720883877552
KK,14,108,0.27871669325,1.2525127681250001,0.23151512515,-1.2775594494454958,0.22515174803669974,
KK,14,109,0.1485152065,0.149574295875,0.44305003499999995,-1.9070679253085732,-1.8999620472217182,-1.7379438207336202
KK,14,110,0.12800159528750002,0.0896344040875,0.5094548025000001,-2.055712551956591,-2.4120160585096286,-2.318107052106958
KK,14,111,0.16772413700000002,0.37999273375000003,0.7634956137500001,-1.785434690873595,-0.9676031481550541,-0.48957906690144287
KK,14,112,0.10957604325,0.102193924125,0.55953600125,-2.211136511846475,-2.280883053811506,-2.173081868669338
KK,14,113,0.0599958021375,0.038036456249999996,0.78248384375,-2.8134806835826573,-3.269210204161822,-3.2304314788175366
KK,14,114,0.13824075225000002,0.1489834575,0.6175556425,-1.978758532317933,-1.9039200026901746,-1.742596290987896
KK,14,115,0.078819838875,0.090947409875,0.39045468499999997,-2.540590551432035,-2.397473852983176,-2.302121521427978
KK,14,116,0.18307897875,0.17977226137500002,0.7514108362499999,-1.6978376413748055,-1.716064443734977,-1.517891196481781
KK,14,117,0.295173570625,0.901837359375,0.352028840375,-1.2201917206670219,-0.10332108629170741,2.217808491416924
KK,14,118,0.284325673875,0.6817927703750002,0.27374175100000003,-1.2576349588273892,-0.38302952306732024,0.7620229198889708
KK,14,119,0.37525870375,1.0059222833750001,0.28554918,-0.9801396142005795,0.005904815587010836,
KK,14,120,0.21955509825,0.42061107062499997,0.46887572375000003,-1.5161520608821457,-0.8660466950304483,-0.3202653941506224
KK,14,121,0.17248848112499998,0.607002315,0.6236112874999999,-1.7574248208273013,-0.4992226740913612,0.434728883624106
KK,21,0,0.0711486486425,0.1155890831125,0.14391875525,-2.6429839477046504,-2.1577137639463695,-2.0348802777061423
KK,21,1,0.0384985228241125,1.36991553,0.28354197,-3.257135406629347,0.31474908100486015,
KK,21,2,0.1036241515,0.28134726125,0.66644609375,-2.26698485373873,-1.2681655674669152,-0.9377885514397611
KK,21,3,0.3878326045125,0.38657113960000006,0.50390009125,-0.947181464121097,-0.9504393668310169,-0.46174838830810194
KK,21,4,0.331364783875,0.30245696925,0.6713040975,-1.1045354443464888,-1.1958162620430137,-0.8356251876850141
KK,21,5,0.13510512325000001,0.13399584025,0.55600227125,-2.0017021128253045,-2.0099465224235145,-1.8660809553987427
KK,21,6,0.16476531837500002,0.5305061445,0.38365139125,-1.8032331304074316,-0.633923738525807,0.12217632922059574
KK,21,7,0.42773580437500003,0.14712175117499998,0.3082099675,-0.8492495534934307,-1.916494795718576,-1.7573563211275591
KK,21,8,0.187144886125,0.256076195625,0.82200834375,-1.675872170011713,-1.362280239628166,-1.0664635767600406
KK,21,9,0.20495064200000002,0.18414555825,0.7728780725,-1.5849860995653622,-1.69202875666434,-1.488509436526335
KK,21,10,0.14523475149999998,0.299919055,0.8392459487499999,-1.9294038698281402,-1.2042426573996685,-0.8476833424899279
KK,21,11,0.08950423037500001,0.10190767812499998,0.7011710099999999,-2.413469388058589,-2.283687991984639,-2.1762055843443413
KK,21,12,0.220534366,0.28921746724999997,0.82878951625,-1.511701741364062,-1.2405763920083046,-0.8991876349332476
KK,21,13,0.043702690375,0.039894268749999996,0.71442343,-3.1303456141303085,-3.2215226057544597,-3.1808107418883513
KK,21,14,0.06193464705,0.0634543434375,0.52980060625,-2.781675529708608,-2.757434632672916,-2.6918776267223907
KK,21,15,0.20339572062500003,0.31138062925,0.5788518425,-1.5926018347974609,-1.1667392268799504,-0.7936726290339379
KK,21,16,0.26336518337500003,0.35532478025,0.46992916875,-1.3342136799776672,-1.0347230338051525,-0.5957144095310124
KK,21,17,0.060713377250000006,0.062068237,0.5973502387499999,-2.801591222166156,-2.779520902375459,-2.7154428224185763
KK,21,18,0.296924580375,0.710026506625,0.44630236124999995,-1.214277110558497,-0.3424529763689974,0.8955127859652239
KK,21,19,0.271373259375,0.2781789372375,0.30059984125,-1.3042600648991387,-1.2794907132234927,-0.9535127069088843
KK,21,20,0.2993654652875,0.19138248085,0.18033414700000003,-1.2060901600506524,-1.653481335761752,-1.4410520797792825
KK,21,21,0.043040539550000007,0.26113399075,0.28157535899999997,-3.145612827194172,-1.3427216288699872,-1.0400829407972954
KK,21,22,0.4195534995,0.691182490625,0.47464701375000007,-0.868564229621117,-0.36935139366355296,0.8056533674315116
KK,21,23,0.12272691412499999,0.8567700507500001,0.48115597987500003,-2.097793602296746,-0.15458571523310632,1.7887181882825318
KK,21,24,0.145446511325,0.20502504547500003,0.473341285,-1.927946879718749,-1.5846231342574673,-1.3551784656912704
KK,21,25,0.07785918850000001,0.08025955025,0.4615061299999999,-2.552853359407443,-2.522489517822162,-2.438825749242867
KK,21,26,0.073757190625,0.06900710424999999,0.81584266125,-2.606976788515024,-2.6735458195399824,-2.6020421870324357
KK,21,27,0.094226315875,0.08543369724999998,0.8069072862500001,-2.362055774683681,-2.4600146746326415,-2.3707093624935487
KK,21,28,0.44142390225,0.88266518515,0.257730208125,-0.8177496356287851,-0.12480932905019455,2.01791443651917
KK,21,29,0.21591411362499996,0.7640237612499999,0.3721433845,-1.532874572477085,-0.2691563891866808,1.1748677731014576
KK,21,30,0.062341662125,0.07771655925,0.60124054,-2.775125342743004,-2.5546869265542815,-2.4737842433536024
KK,21,31,0.20104556975,0.282507425875,0.55079989625,-1.6042236814449333,-1.264050442457934,-0.9320577614044471
KK,21,32,0.128508932375,0.561856545,0.70329017125,-2.05175686441684,-0.5765087196794334,0.2487001797191014
KK,21,33,0.143653999125,0.26590372525,0.4958642275,-1.9403476545778306,-1.3246209708651489,-1.0155058764057519
KK,21,34,0.20961432674999997,0.856744715125,0.41390840175,-1.562485976056312,-0.1546152867611802,1.7885117446364682
KK,21,35,0.3170988525,0.5741981812499999,0.6696653112499998,-1.1485417161766442,-0.5547806787505558,0.2990005764097883
KK,21,36,0.12540925449999998,0.43111232875,0.5625463962499999,-2.076172853665881,-0.8413865992849229,-0.2773143206169698
KK,21,37,0.23060280499999997,0.46903693312500006,0.38696315499999995,-1.4670585073009503,-0.7570737649689937,-0.12401095090208895
KK,21,38,0.11698810512499999,1.16460078875,0.33130230600000005,-2.145683014950969,0.1523783576918193,
KK,21,39,0.361574721625,0.5362935609999999,0.43726526000000004,-1.0172865599182335,-0.6230735794050696,0.14543002214278772
KK,21,40,0.30526245662499996,0.48530416649999997,0.38300312375000006,-1.1865833588796366,-0.7229794371967351,-0.05880026983374217
KK,21,41,0.16838279862500002,0.17465636125000003,0.5247957475,-1.7815153283234657,-1.7449348855469002,-1.5529794379923298
KK,21,42,0.27110582200000005,0.5891564625,0.48725845250000005,-1.3052460472378056,-0.5290634896900435,0.36047933462361453
KK,21,43,0.205296091875,0.367483697125,0.36162711125,-1.5833019913050248,-1.0010763228778747,-0.5430270394616785
KK,21,44,0.15090110775,0.18274541725,0.66160668375,-1.8911305722810041,-1.6996612572740597,-1.4978566314057575
KK,21,45,0.147917532375,0.57595933375,0.7152230537500001,-1.9111003742016917,-0.5517182219070951,0.30620769547526583
KK,21,46,0.14336452362500002,0.726125454125,0.45404864200000006,-1.9423647759494926,-0.32003247726078776,0.9750526619540582
KK,21,47,0.139923209,0.33028030625,0.7427704887500001,-1.9666615140007635,-1.1078135721897882,-0.7069175505152347
KK,21,48,0.25497506537500003,0.7925744825000001,0.5601555575,-1.366589521447902,-0.23246879341981272,1.3405141621374213
KK,21,49,0.10692745225,0.10302491637500001,0.84655563125,-2.235604690832409,-2.2727844134537754,-2.1640572186920144
KK,21,50,0.0384900888125,0.028272426899999998,0.6817559612499999,-3.257354504271633,-3.5658682637734653,-3.5371884753790273
KK,21,51,0.154993748375,0.48236532374999996,0.6823945437500001,-1.8643704959408065,-0.7290535189264836,-0.07056797518763784
KK,21,52,0.179096216125,0.16781399100000002,0.57577954875,-1.7198320973022483,-1.7848991094022226,-1.6011998147631945
KK,21,53,0.0898629915,0.164484675625,0.79050347,-2.409469085219863,-1.8049378704109535,-1.6252312808579996
KK,21,54,0.04067936212499999,0.051172217374999995,0.7633504475000001,-3.2020343882344497,-2.9725585236078165,-2.920030554296464
KK,21,55,0.176811628625,0.38817825499999997,0.7357441650000002,-1.7326703581756904,-0.9462906247568749,-0.45497631952091594
KK,21,56,0.12293842775,0.17769385775,0.6340259549999999,-2.096071636343795,-1.727693109697484,-1.5320505922617698
KK,21,57,0.13434819225000003,0.15831042974999998,0.77667624375,-2.0073203995377726,-1.8431974282895613,-1.670853414156748
KK,21,58,0.148838408875,0.3982310925,0.7429526337500001,-1.9048940657315088,-0.9207228077785323,-0.41284102582178894
KK,21,59,0.28435152324999996,0.8875996935,0.225151310875,-1.2575440482892195,-0.11923443323696195,2.066454181420975
KK,21,60,0.25302384025,0.27352581337500004,0.53558905875,-1.3742715644568526,-1.2963592799467099,-0.9768069522012006
KK,21,61,0.19740649062500001,0.36390696262499994,0.649029065,-1.6224902719508683,-1.0108570411999898,-0.5584466000401589
KK,21,62,0.205968874875,0.306747595375,0.79864829625,-1.5800302144480347,-1.1817300344601465,-0.8153689085939178
KK,21,63,0.0660607205,0.14669760675,0.79583210125,-2.7171809523275336,-1.9193819078722048,-1.7607406191280761
KK,21,64,0.109681444,0.106265047625,0.78369153,-2.2101750782421687,-2.2418188564995605,-2.1294728348804086
KK,21,65,0.090054395875,0.21942198400000001,0.75630562875,-2.40734139261604,-1.5167585356138005,-1.269037948030019
KK,21,66,0.06577726337499999,0.08458476399999998,0.6768330462500001,-2.7214810417774298,-2.4700011231515804,-2.381623616340489
KK,21,67,0.091085636,0.101083063375,0.6749447525,-2.395955160034838,-2.2918126904809313,-2.185248046401372
KK,21,68,0.243070254,0.55030094625,0.6363654875,-1.4144047663150414,-0.5972899754012749,0.20188671398697905
KK,21,69,0.213278163875,0.42051527,0.79252953375,-1.5451580315769806,-0.866274486316459,-0.32065851946496854
KK,21,70,0.233707269125,0.527620840375,0.45821951,-1.4536859334067256,-0.6393773585874044,0.11059595299512828
KK,21,71,0.29742376913249996,0.4620430412625,0.43333845125,-1.2125973250411561,-0.772097229333948,-0.15212050496658255
KK,21,72,0.29299856325,0.5634948871250001,0.34313949275,-1.22758757356071,-0.5735970189684919,0.255358171457801
KK,21,73,0.20367096224999998,0.2427701965,0.39820879,-1.591249517457206,-1.4156399765073673,-1.1375514762284387
KK,21,74,0.394673428,0.45698597524999995,0.49311953375,-0.9296966205962859,-0.7831025772896946,-0.17248244617682568
KK,21,75,0.233092165125,0.40764063749999996,0.621682265,-1.4563213451526713,-0.8973692831429732,-0.3737274861258998
KK,21,76,0.09828454112500001,0.5145104887499999,0.7274404437499998,-2.3198885264035414,-0.6645393376184545,0.05805825788215082
KK,21,77,0.053610456,0.08746046575,0.6196239837499999,-2.926011155303096,-2.43656840771998,-2.3450445384614595
KK,21,78,0.16402076799999998,0.43052169,0.60288227625,-1.807762225029024,-0.8427575731082848,-0.2797229902477067
KK,21,79,0.165193025875,0.485273375,0.4974902525,-1.800640635039417,-0.7230428870473523,-0.0589235425486361
KK,21,80,0.174589455375,0.23401636250000002,0.58466624625,-1.7453180304416054,-1.452364240855414,-1.1857697704196621
KK,21,81,0.1970642975,0.3301119515,0.8161941825,-1.6242252202468435,-1.1083234350831561,-0.7076787627335976
KK,21,82,0.04033374103125,1.3565218575,0.2770276023,-3.210566913891783,0.30492396614589856,
KK,21,83,0.23926020787500002,0.46551935125,0.7064501337499999,-1.4302035834150468,-0.7646016122375464,-0.13814185866848186
KK,21,84,0.2632914582,0.8015621256625001,0.20326823087499998,-1.3344936543277908,-0.22119279819280355,1.3960864052789055
KK,21,85,0.031076444955,1.2361013175000002,0.350863071875,-3.4713051437122617,0.21196232776334986,
KK,21,86,0.128238250125,0.4375005625,0.6616507699999999,-2.053865416087412,-0.8266772874710087,-0.25131214256694684
KK,21,87,0.08213616292499999,1.3007101562499996,0.275479973025,-2.4993768853870706,0.26291038935260636,
KK,21,88,0.043816689425,0.064328833125,0.4593355724999999,-3.1277404970754805,-2.743747332616947,-2.6772561509447326
KK,21,89,0.1143266505,0.12654986125,0.7085808237500001,-2.168695572629918,-2.067118888396188,-1.9318146552181021
KK,21,90,0.09743698649999999,1.0726034075,0.386680881875,-2.3285494022229294,0.07008878442160793,
KK,21,91,0.16796128475,0.6300406049999999,0.5279957550000001,-1.784021774052746,-0.4619710092925719,0.5323910133167684
KK,21,92,0.12800688175000002,0.19216313924999998,0.47339740750000003,-2.055671252835859,-1.6494105841373607,-1.4360154382783819
KK,21,93,0.10013720549999999,0.1650645435,0.3985527025,-2.3012139784014116,-1.801418708842389,-1.6210178541187032
KK,21,94,0.051333050374999994,0.211317725625,0.7074423725,-2.9694204774271347,-1.5543924694497893,-1.3170007361357154
KK,21,95,0.134769284,0.10641668024999999,0.78393794375,-2.0041909699702463,-2.240392945094693,-2.1278772473437315
KK,21,96,0.1342354665,0.17792327574999997,0.71206497875,-2.0081598084366132,-1.7264028567247485,-1.5304813069466738
KK,21,97,0.135318034,0.1106865065,0.81100596625,-2.000127463700147,-2.201053339199299,-2.0837478696775538
KK,21,98,0.040239335797500005,1.3583286687499998,0.278860772625,-3.212910259353221,0.3062550239697401,
KK,21,99,0.43783177500000003,0.17167379642500002,0.69224773875,-0.8259205177239819,-1.7621591352761483,-1.5738108987654624
KK,21,100,0.133771536125,0.79202683125,0.6111717875000001,-2.0116218884109793,-0.23316000990064326,1.3371861940951568
KK,21,101,0.16332661525,0.27638674875,0.5758493112499999,-1.8120033085139313,-1.2859541305316677,-0.9624559178521339
KK,21,102,0.13426242525,0.177759612125,0.58191152,-2.0079589968033087,-1.7273231351082743,-1.5316006510996107
KK,21,103,0.236160135125,0.5354694946249999,0.271000301,-1.4432451653945495,-0.6246113568700946,0.14211669244082858
KK,21,104,0.269383092125,0.491233251375,0.37075754250000004,-1.311620778204098,-0.7108362102730058,-0.035070588636006164
KK,21,105,0.07974490325,0.32715819374999994,0.41458523875,-2.528922448450365,-1.1173114521295042,-0.7210664175837239
KK,21,106,0.06391834371374999,1.046991265,0.287268348,-2.7501488897223205,0.04592058896916599,
KK,21,107,0.228458799,0.72170177625,0.46704777875,-1.476399395627911,-0.32614327770422247,0.952918715267336
KK,21,108,0.4501732715375,0.914812021225,0.13574183404999998,-0.7981227224685644,-0.08903667609672004,2.37385827319501
KK,21,109,0.17029736075,0.1842347219375,0.31626464125,-1.7702091890847882,-1.6915446716357068,-1.4879160568054326
KK,21,110,0.16029914312499996,0.19032830874999998,0.623405575,-1.8307135648269557,-1.659004757204339,-1.4478783242801134
KK,21,111,0.13561337337499998,0.6189774925,0.49854695499999996,-1.9979472846294006,-0.4796863680248564,0.4852104627722776
KK,21,112,0.101054531625,0.070312066,0.64468179375,-2.292094990764453,-2.654811859046892,-2.581905555062224
KK,21,113,0.14739711584999998,0.10421832071249999,0.60828871875,-1.9146248662432999,-2.261267342541073,-2.151208785334091
KK,21,114,0.182950316375,0.221919443375,0.48366952750000003,-1.698540658220794,-1.5054408306424454,-1.2545156136982651
KK,21,115,0.46738272862499997,0.740528501125,0.43464439374999997,-0.7606068095819452,-0.3003911569872832,1.0487172563456237
KK,21,116,0.34465362624999996,0.37775049374999997,0.7503717375,-1.0652153481622324,-0.9735213707487393,-0.49910723952262687
KK,21,117,0.560275561625,0.8289843829125,0.172097340875,-0.5793265419514564,-0.1875539624893063,1.5784464361632424
KK,21,118,0.083957783625,0.35579991925000004,0.53753609125,-2.4774411823652747,-1.0333867307037725,-0.5936408139679963
KK,21,119,0.17293848175,0.5453865274999999,0.50907455,-1.7548193445447091,-0.6062605109292885,0.18204722112985477
KK,21,120,0.08031762707500001,1.01604088625,0.37430355162499995,-2.5217661668640767,0.01591359071863497,
KK,21,121,0.0735404975,0.166676302125,0.6378365549999999,-2.6099190381060575,-1.7917016581491476,-1.6093685387383463
